{"cameraMode":{"drawMode":0,"name":"Shaded","section":"Shading Mode"},"sceneLighting":false,"audioPlay":false,"sceneViewState":{"showFog":true,"showMaterialUpdate":false,"showSkybox":false,"showFlares":true,"showImageEffects":true,"showParticleSystems":true},"in2DMode":false,"pivot":{"x":-12.729999542236329,"y":1.9600000381469727,"z":-9.350000381469727},"rotation":{"x":-0.21067467331886292,"y":0.036348097026348117,"z":-0.007863893173635006,"w":-0.9768704771995544},"size":2.8578836917877199,"orthographic":false}